nội dung,answer,start_position
"Xử phạt người điều khiển xe mô tô, xe gắn máy (kể cả xe máy điện), các loại xe tương tự xe mô tô và các loại xe tương tự xe gắn máy vi phạm quy tắc giao thông đường bộ. Phạt tiền từ 800.000 đồng đến 1.000.000 đồng đối với người điều khiển xe thực hiện một trong các hành vi vi phạm sau đây: Không chấp hành hiệu lệnh của đèn tín hiệu giao thông",Phạt tiền từ 800.000 đồng đến 1.000.000 đồng,"{'text':['Phạt tiền từ 800.000 đồng đến 1.000.000 đồng'],'answer_start':[ 169 ]}"
"Căn cứ quy định tại Điểm a Khoản 3 Điều 6, Điểm c Khoản 2 Điều 6 và Điểm a Khoản 3 Điều 7 Nghị định 100/2019/NĐ-CP thì người điều khiển xe chạy quá tốc độ quy định từ 05 km/h đến dưới 10 km/h sẽ bị phạt sẽ bị xử phạt như sau: Đối với người điều khiển xe mô tô, xe gắn máy (kể cả xe máy điện), các loại xe tương tự xe mô tô và các loại xe tương tự xe gắn máy: Bị phạt tiền từ 200.000 đồng đến 400.000 đồng.
",Bị phạt tiền từ 200.000 đồng đến 400.000 đồng,"{'text':['Bị phạt tiền từ 200.000 đồng đến 400.000 đồng'],'answer_start':[ 359 ]}"
"Tại Điểm d Khoản 8 Điều 6 Nghị định 100/2019/NĐ-CP, có quy định: Phạt tiền từ 6.000.000 đồng đến 8.000.000 đồng, bị tước quyền sử dụng Giấy phép lái xe từ 02 tháng đến 04 tháng và bị tạm giữ phương tiện tối đa đến 07 ngày trước khi ra quyết định xử phạt đối với người điều khiển xe thực hiện một trong các hành vi vi phạm. Trong đó có: Điều khiển xe thành nhóm từ 02 xe trở lên chạy quá tốc độ quy định;","Phạt tiền từ 6.000.000 đồng đến 8.000.000 đồng, bị tước quyền sử dụng Giấy phép lái xe từ 02 tháng đến 04 tháng và bị tạm giữ phương tiện tối đa đến 07 ngày","{'text':['Phạt tiền từ 6.000.000 đồng đến 8.000.000 đồng, bị tước quyền sử dụng Giấy phép lái xe từ 02 tháng đến 04 tháng và bị tạm giữ phương tiện tối đa đến 07 ngày'],'answer_start':[ 65 ]}"
"Phạt tiền từ 400.000 đồng đến 600.000 đồng đối với người điều khiển xe môtô, xe gắn máy (kể cả xe máy điện), các loại xe tương tự xe môtô và các loại xe tương tự xe gắn máy vi phạm một trong các lỗi liên quan đến đội mũ bảo hiểm như sau: Không đội ""mũ bảo hiểm cho người đi môtô, xe máy"" hoặc đội ""mũ bảo hiểm cho người đi môtô, xe máy"" không cài quai đúng quy cách khi điều khiển xe tham gia giao thông trên đường bộ;",Phạt tiền từ 400.000 đồng đến 600.000 đồng,"{'text':['Phạt tiền từ 400.000 đồng đến 600.000 đồng'],'answer_start':[ 0 ]}"
Phạt tiền từ 400.000 đồng đến 600.000 đồng đối với một trong các hành vi vi phạm sau đây: Chuyển hướng không giảm tốc độ hoặc không có tín hiệu báo hướng rẽ (trừ trường hợp điều khiển xe đi theo hướng cong của đoạn đường bộ ở nơi đường không giao nhau cùng mức); điều khiển xe rẽ trái tại nơi có biển báo hiệu có nội dung cấm rẽ trái đối với loại phương tiện đang điều khiển; điều khiển xe rẽ phải tại nơi có biển báo hiệu có nội dung cấm rẽ phải đối với loại phương tiện đang điều khiển;,Phạt tiền từ 400.000 đồng đến 600.000 đồng,"{'text':['Phạt tiền từ 400.000 đồng đến 600.000 đồng'],'answer_start':[ 0 ]}"
Hạng A1 cấp cho: Người lái xe để điều khiển xe mô tô hai bánh có dung tích xy lanh từ 50 cm3 đến dưới 175 cm3; Người khuyết tật điều khiển xe mô tô ba bánh dùng cho người khuyết tật.,dung tích xy lanh từ 50 cm3 đến dưới 175 cm3,"{'text':['dung tích xy lanh từ 50 cm3 đến dưới 175 cm3'],'answer_start':[ 65 ]}"
"Nếu CSGT yêu cầu kiểm tra giấy tờ mà không có xuất trình được bằng lái xe, người điều khiển phương tiện sẽ vừa bị giữ xe và xử phạt hành chính theo quy định hiện hành. Theo khoản 8 Điều 125 Luật Xử lý vi phạm hành chính, thời hạn tạm giữ phương tiện là 07 ngày",bị giữ xe và xử phạt hành chính theo quy định hiện hành,"{'text':['bị giữ xe và xử phạt hành chính theo quy định hiện hành'],'answer_start':[ 111 ]}"
Phạt tiền từ 6.000.000 đồng đến 8.000.000 đồng đối với người điều khiển xe thực hiện một trong các hành vi vi phạm sau đây: Không nhường đường hoặc gây cản trở xe được quyền ưu tiên đang phát tín hiệu ưu tiên đi làm nhiệm vụ;,Phạt tiền từ 6.000.000 đồng đến 8.000.000 đồng,"{'text':['Phạt tiền từ 6.000.000 đồng đến 8.000.000 đồng'],'answer_start':[ 0 ]}"
"Tại Điều 30 Luật giao thông đường bộ quy định người điều khiển, người ngồi trên xe mô tô, xe gắn máy phải tuân theo quy tắc sau:
Người điều khiển xe mô tô hai bánh, xe mô tô ba bánh, xe gắn máy không được thực hiện các hành vi sử dụng xe để kéo, đẩy xe khác, vật khác, mang, vác và chở vật cồng kềnh; Buông cả hai tay hoặc đi xe bằng một bánh đối với xe hai bánh, bằng hai bánh đối với xe ba bánh; Hành vi khác gây mất trật tự, an toàn giao thông.","không được thực hiện các hành vi sử dụng xe để kéo, đẩy xe khác, vật khác, mang, vác và chở vật cồng kềnh","{'text':['không được thực hiện các hành vi sử dụng xe để kéo, đẩy xe khác, vật khác, mang, vác và chở vật cồng kềnh'],'answer_start':[ 194 ]}"
"Luật Giao thông đường bộ năm 2008 quy định người ngồi trên xe mô tô hai bánh, xe mô tô ba bánh, xe gắn máy khi tham gia giao thông không được thực hiện các hành vi mang, vác vật cồng kềnh, sử dụng ô, bám, kéo hoặc đẩy các phương tiện khác;
","không được thực hiện các hành vi mang, vác vật cồng kềnh, sử dụng ô","{'text':['không được thực hiện các hành vi mang, vác vật cồng kềnh, sử dụng ô'],'answer_start':[ 131 ]}"
"Tại nơi có biển báo hiệu cố định lại có báo hiệu tạm thời thì người tham gia giao thông phải chấp hành hiệu lệnh của báo hiệu tạm thời. Tại nơi có vạch kẻ đường dành cho người đi bộ, người điều khiển phương tiện phải quan sát, giảm tốc độ và nhường đường cho người đi bộ, xe lăn của người khuyết tật qua đường.",phải chấp hành hiệu lệnh của báo hiệu tạm thời,"{'text':['phải chấp hành hiệu lệnh của báo hiệu tạm thời'],'answer_start':[ 88 ]}"
"Theo quy định, khi muốn chuyển hướng, người điều khiển phương tiện phải giảm tốc độ và có tín hiệu báo hướng rẽ; trong khi chuyển hướng, phải nhường quyền đi trước cho người đi bộ, người đi xe đạp đang đi trên phần đường dành riêng cho họ, nhường đường cho các xe đi ngược chiều",phải giảm tốc độ và có tín hiệu báo hướng rẽ,"{'text':['phải giảm tốc độ và có tín hiệu báo hướng rẽ'],'answer_start':[ 67 ]}"
"Đèn tín hiệu chính điều khiển giao thông được áp dụng ba loại màu tín hiệu là xanh, vàng và đỏ.","xanh, vàng và đỏ","{'text':['xanh, vàng và đỏ'],'answer_start':[ 78 ]}"
"Khi gặp xe buýt đang dừng đón, trả khách, người điều khiển xe mô tô phải giảm tốc độ đến mức an toàn có thể và quan sát người qua đường và từ từ vượt qua xe buýt.",giảm tốc độ đến mức an toàn có thể và quan sát người qua đường và từ từ vượt qua xe buýt,"{'text':['giảm tốc độ đến mức an toàn có thể và quan sát người qua đường và từ từ vượt qua xe buýt'],'answer_start':[ 73 ]}"
"Trên đường đang xảy ra ùn tắc những hành vi thiếu văn hóa khi tham gia giao thông là bấm còi liên tục thúc giục các phương tiện phía trước nhường đường, đi lên vỉa hè, lấn sang trái đường cố gắng vượt lên xe khác.","bấm còi liên tục thúc giục các phương tiện phía trước nhường đường, đi lên vỉa hè, lấn sang trái đường cố gắng vượt lên xe khác","{'text':['bấm còi liên tục thúc giục các phương tiện phía trước nhường đường, đi lên vỉa hè, lấn sang trái đường cố gắng vượt lên xe khác'],'answer_start':[ 85 ]}"
"Điều quan trọng trong việc điều khiển xe côn tay nói chung và những loại mô tô phân khối lớn nói riêng là luôn phải giữ thói quen đặt tay lên cả tay côn và tay phanh. Khác với xe số và xe ga, để điều khiển một chiếc xe côn tay an toàn, người điều khiển luôn phải kết hợp nhịp nhàng cả chân số, chân phanh, tay côn cũng như tay ga, nhấn nhả nhịp nhàng.",luôn phải giữ thói quen đặt tay lên cả tay côn và tay phanh,"{'text':['luôn phải giữ thói quen đặt tay lên cả tay côn và tay phanh'],'answer_start':[ 106 ]}"
"Phương tiện giao thông cơ giới đường bộ (sau đây gọi là xe cơ giới) gồm xe ô tô, máy kéo, rơ moóc hoặc sơ mi rơ moóc được kéo bởi xe ô tô, máy kéo; xe mô tô hai bánh, xe mô tô ba bánh, xe gắn máy (kể cả xe máy điện) và các loại xe tương tự.","xe ô tô, máy kéo, rơ moóc hoặc sơ mi rơ moóc được kéo bởi xe ô tô, máy kéo; xe mô tô hai bánh, xe mô tô ba bánh, xe gắn máy (kể cả xe máy điện) và các loại xe tương tự","{'text':['xe ô tô, máy kéo, rơ moóc hoặc sơ mi rơ moóc được kéo bởi xe ô tô, máy kéo; xe mô tô hai bánh, xe mô tô ba bánh, xe gắn máy (kể cả xe máy điện) và các loại xe tương tự'],'answer_start':[ 72 ]}"
"Trong hệ thống biển báo, đặc điểm của biển báo chỉ dẫn là loại biển hiệu có hình chữ nhật hoặc hình vuông, bên trong có hình vẽ màu trắng được bao quanh bởi nền màu xanh. Biển chỉ dẫn có tác dụng hướng dẫn cho người đi đường biết được thông tin cần thiết khi lưu thông","hình chữ nhật hoặc hình vuông, bên trong có hình vẽ màu trắng được bao quanh bởi nền màu xanh","{'text':['hình chữ nhật hoặc hình vuông, bên trong có hình vẽ màu trắng được bao quanh bởi nền màu xanh'],'answer_start':[ 76 ]}"
"Theo quy định tại Khoản 25 Điều 3 Luật Giao thông đường bộ 2008 thì người điều khiển giao thông được hiểu như sau: Người điều khiển giao thông là cảnh sát giao thông, người được giao nhiệm vụ hướng dẫn giao thông tại nơi thi công, nơi ùn tắc giao thông, ở bến phà, tại cầu đường bộ đi chung với đường sắt","cảnh sát giao thông, người được giao nhiệm vụ hướng dẫn giao thông","{'text':['cảnh sát giao thông, người được giao nhiệm vụ hướng dẫn giao thông'],'answer_start':[ 146 ]}"
Cuộc đua xe chỉ được thực hiện khi được cơ quan có thẩm quyền cấp phép,được cơ quan có thẩm quyền cấp phép,"{'text':['được cơ quan có thẩm quyền cấp phép'],'answer_start':[ 35 ]}"
"Chờ đoàn xe, đoàn người đi qua hết thì tiếp tục lưu thông","Chờ đoàn xe, đoàn người đi qua hết thì tiếp tục lưu thông","{'text':['Chờ đoàn xe, đoàn người đi qua hết thì tiếp tục lưu thông'],'answer_start':[ 0 ]}"
"Không được quay đầu xe ở phần đường dành cho người đi bộ qua đường, trên cầu, đầu cầu, gầm cầu vượt, ngầm, trong hầm đường bộ, đường cao tốc, tại nơi đường bộ giao nhau cùng mức với đường sắt, đường hẹp, đường dốc, đoạn đường cong tầm nhìn bị che khuất.",Không được quay đầu xe,"{'text':['Không được quay đầu xe'],'answer_start':[ 0 ]}"
"Ủy ban nhân dân cấp tỉnh quy định các đoạn đường cấm đi, đường đi một chiều, nơi cấm dừng, cấm đỗ, cấm quay đầu xe, lắp đặt biển báo đường bộ thuộc địa phương quản lý.",Uỷ ban nhân dân cấp tỉnh,"{'text':['Uỷ ban nhân dân cấp tỉnh'],'answer_start':[ -1 ]}"
"Người điều khiển phương tiện giao thông không uống rượu, bia trước và trong khi tham gia giao thông.",trước và trong khi tham gia giao thông,"{'text':['trước và trong khi tham gia giao thông'],'answer_start':[ 61 ]}"
"Luật Phòng, chống tác hại của rượu, bia được Quốc hội nước Cộng hòa xã hội chủ nghĩa Việt Nam khóa XIV, kỳ họp thứ 7 thông qua ngày 14/6/2019, có hiệu lực thi hành từ ngày 01/01/2020.",từ ngày 01/01/2020,"{'text':['từ ngày 01/01/2020'],'answer_start':[ 164 ]}"
"Phạt tiền từ 500.000 đồng đến 1.000.000 đồng đối với một trong các hành vi sau đây: Uống rượu, bia tại địa điểm không uống rượu, bia theo quy định của pháp luật; Xúi giục, kích động, lôi kéo người khác uống rượu bia.",Phạt tiền từ 500.000 đồng đến 1.000.000 đồng,"{'text':['Phạt tiền từ 500.000 đồng đến 1.000.000 đồng'],'answer_start':[ 0 ]}"
Phạt tiền từ 6.000.000 đồng đến 8.000.000 đồng đối với người điều khiển xe thực hiện một trong các hành vi vi phạm sau đây: Không nhường đường hoặc gây cản trở xe được quyền ưu tiên đang phát tín hiệu ưu tiên đi làm nhiệm vụ; Không chấp hành yêu cầu kiểm tra về nồng độ cồn của người thi hành công vụ;,Phạt tiền từ 6.000.000 đồng đến 8.000.000 đồng,"{'text':['Phạt tiền từ 6.000.000 đồng đến 8.000.000 đồng'],'answer_start':[ 0 ]}"
"Trên đoạn đường bộ giao nhau cùng mức với đường sắt, cầu đường bộ đi chung với đường sắt, phương tiện giao thông đường sắt được quyền ưu tiên đi trước.",phương tiện giao thông đường sắt,"{'text':['phương tiện giao thông đường sắt'],'answer_start':[ 90 ]}"
"Người điều khiển phương tiện trong hầm đường bộ ngoài việc tuân thủ các quy tắc giao thông quy định tại Luật Giao thông đường bộ còn phải thực hiện các quy định sau đây: Xe cơ giới, xe máy chuyên dùng phải bật đèn; xe thô sơ phải bật đèn hoặc có vật phát sáng báo hiệu; Chỉ được dừng xe, đỗ xe ở nơi quy định.","Xe cơ giới, xe máy chuyên dùng phải bật đèn; xe thô sơ phải bật đèn hoặc có vật phát sáng báo hiệu; Chỉ được dừng xe, đỗ xe ở nơi quy định.","{'text':['Xe cơ giới, xe máy chuyên dùng phải bật đèn; xe thô sơ phải bật đèn hoặc có vật phát sáng báo hiệu; Chỉ được dừng xe, đỗ xe ở nơi quy định.'],'answer_start':[ 170 ]}"
Ngày 30/12/2019 Chính phủ đã ban hành Nghị định số 100/2019/NĐ-CP quy định về xử phạt vi phạm hành chính trong lĩnh vực giao thông đường bộ và đường sắt.,Ngày 30/12/2019,"{'text':['Ngày 30/12/2019'],'answer_start':[ 0 ]}"
"Theo Luật Giao thông đường bộ, Đường cao tốc được giải thích như thế nào? Đường cao tốc là đường dành cho xe cơ giới, có dải phân cách chia đường cho xe chạy hai chiều riêng biệt; không giao nhau cùng mức với một hoặc các đường khác; được bố trí đầy đủ trang thiết bị phục vụ, bảo đảm giao thông liên tục, an toàn, rút ngắn thời gian hành trình và chỉ cho xe ra, vào ở những điểm nhất định.","là đường dành cho xe cơ giới, có dải phân cách chia đường cho xe chạy hai chiều riêng biệt; không giao nhau cùng mức với một hoặc các đường khác;","{'text':['là đường dành cho xe cơ giới, có dải phân cách chia đường cho xe chạy hai chiều riêng biệt; không giao nhau cùng mức với một hoặc các đường khác;'],'answer_start':[ 88 ]}"
"Theo luật sư Nguyễn Trọng Nghĩa (Giám đốc Hệ thống dịch vụ pháp lý toàn quốc Luật sư X), việc phơi thóc, rơm rạ trên đường tiềm ẩn rất nhiều nguy cơ gây mất an toàn giao thông đường bộ. Theo quy định tại điểm b Khoản 1 Điều 12 Nghị định 100/2019/NĐ-CP: Phạt tiền từ 100.000 đồng đến 200.000 đồng đối với cá nhân, từ 200.000 đồng đến 400.000 đồng đối với tổ chức thực hiện hành vi phơi thóc, lúa, rơm, rạ, nông, lâm, hải sản trên đường bộ; đặt máy tuốt lúa trên đường bộ.","Phạt tiền từ 100.000 đồng đến 200.000 đồng đối với cá nhân, từ 200.000 đồng đến 400.000 đồng đối với tổ chức","{'text':['Phạt tiền từ 100.000 đồng đến 200.000 đồng đối với cá nhân, từ 200.000 đồng đến 400.000 đồng đối với tổ chức'],'answer_start':[ 253 ]}"
"Phạt tiền từ 100.000 đồng đến 150.000 đồng đối với hành vi vứt, thải, bỏ đầu, mẩu, tàn thuốc lá không đúng nơi quy định tại khu chung cư, thương mại, dịch vụ hoặc nơi công cộng. Phạt tiền từ 150.000 đồng đến 250.000 đồng đối với hành vi vệ sinh cá nhân (tiểu tiện, đại tiện) không đúng nơi quy định tại khu chung cư, thương mại, dịch vụ hoặc nơi công cộng. Phạt tiền từ 500.000 đồng đến 1.000.000 đồng đối với hành vi vứt, thải, bỏ rác thải, đổ nước thải không đúng nơi quy định tại khu chung cư, thương mại, dịch vụ hoặc nơi công cộng. Phạt tiền từ 1.000.000 đồng đến 2.000.000 đồng đối với hành vi vứt, thải, bỏ rác thải trên vỉa hè, lòng đường hoặc vào hệ thống thoát nước thải đô thị; đổ nước thải không đúng quy định trên vỉa hè, lòng đường phố; thải bỏ chất thải nhựa phát sinh từ sinh hoạt vào ao hồ, kênh rạch, sông, suối, biển…",Phạt tiền từ 500.000 đồng đến 1.000.000 đồng,"{'text':['Phạt tiền từ 500.000 đồng đến 1.000.000 đồng'],'answer_start':[ 357 ]}"
"Khoản 1 Điều 21 và điểm h khoản 1 Điều 75 Nghị định số 171/2013/NĐ-CP ngày 13 tháng 11 năm 2013 của Chính phủ quy định xử phạt vi phạm hành chính trong lĩnh vực giao thông đường bộ và đường sắt quy định: Phạt cảnh cáo người từ đủ 14 tuổi đến dưới 16 tuổi điều khiển xe mô tô, xe gắn máy (kể cả xe máy điện) và các loại xe tương tự xe mô tô hoặc điều khiển xe ô tô, máy kéo và các loại xe tương tự xe ô tô; tạm giữ phương tiện đến 07 ngày. Điểm a khoản 4 Điều 21; điểm h khoản 1 Điều 75 Nghị định số 171/2013/NĐ-CP quy định: Người từ đủ 16 tuổi đến dưới 18 tuổi điều khiển xe mô tô có dung tích xi lanh từ 50 cm3 trở lên bị phạt tiền từ 400.000 đồng đến 600.000 đồng; tạm giữ phương tiện đến 07 ngày.",bị phạt tiền từ 400.000 đồng đến 600.000 đồng; tạm giữ phương tiện đến 07 ngày,"{'text':['bị phạt tiền từ 400.000 đồng đến 600.000 đồng; tạm giữ phương tiện đến 07 ngày'],'answer_start':[ 620 ]}"
"Để ngăn chặn ngay vi phạm hành chính, người có thẩm quyền xử phạt được phép tạm giữ phương tiện đến 07 ngày trước khi ra quyết định xử phạt đối với những hành vi vi phạm được quy định tại các Điều, Khoản, Điểm sau đây của Nghị định này và phải tuân thủ theo quy định tại Khoản 2 Điều 125 của Luật Xử lý vi phạm hành chính: i) Khoản 1; Điểm a, Điểm c Khoản 4; Khoản 5; Khoản 6; Khoản 7 Điều 21;” Như vậy, người chưa có giấy phép lái xe điều khiển xe máy sẽ bị xử phạt 800.000 đồng đến 1.200.000 đồng và bị tạm giữ phương tiện, giấy tờ có liên quan đến người điều khiển và phương tiện vi phạm.","bị xử phạt 800.000 đồng đến 1.200.000 đồng và bị tạm giữ phương tiện, giấy tờ có liên quan đến người điều khiển và phương tiện vi phạm","{'text':['bị xử phạt 800.000 đồng đến 1.200.000 đồng và bị tạm giữ phương tiện, giấy tờ có liên quan đến người điều khiển và phương tiện vi phạm'],'answer_start':[ 456 ]}"
"Hành vi đi xe đạp dàn hàng ngang sẽ bị xử phạt hành chính theo điểm g khoản 1 Điều 8 Nghị định 100/2019/NĐ-CP như sau: Phạt tiền từ 80.000 đồng đến 100.000 đồng đối với người điều khiển xe thực hiện một trong các hành vi vi phạm sau đây: Điều khiển xe đạp, xe đạp máy đi dàn hàng ngang từ 03 xe trở lên, xe thô sơ khác đi dàn hàng ngang từ 02 xe trở lên; Như vậy, người đi xe đạp dàn hàng 03 trở lên sẽ bị phạt từ 80.000 - 100.000 đồng",bị phạt từ 80.000 - 100.000 đồng,"{'text':['bị phạt từ 80.000 - 100.000 đồng'],'answer_start':[ 403 ]}"
"Theo quy định trên người điều khiển xe đạp khi tham gia giao thông có hành vi lạng lách, đánh võng thì bị phạt tiền từ 300.000 đồng đến 400.000 đồng. Ngoài ra, người điều khiển xe đạp nếu còn tái phạm hoặc vi phạm nhiều lần thì sẽ bị tịch thu phương tiện.",bị phạt tiền từ 300.000 đồng đến 400.000 đồng,"{'text':['bị phạt tiền từ 300.000 đồng đến 400.000 đồng'],'answer_start':[ 103 ]}"
"3. Xe chở khách không được phép xếp hàng hóa, hành lý nhô ra quá kích thước bao ngoài của xe. 4. Xe mô tô, xe gắn máy không được xếp hàng hóa, hành lý vượt quá bề rộng giá đèo hàng theo thiết kế của nhà sản xuất về mỗi bên 0,3 mét, vượt quá phía sau giá đèo hàng là 0,5 mét. Chiều cao xếp hàng hóa tính từ mặt đường xe chạy không vượt quá 1,5 mét. 5. Xe thô sơ không được xếp hàng hóa vượt phía trước và phía sau quá 1/3 chiều dài thân xe và không quá 1,0 mét; không được vượt quá 0,4 mét về mỗi bên bánh xe.""","Chiều cao xếp hàng hóa tính từ mặt đường xe chạy không vượt quá 1,5 mét","{'text':['Chiều cao xếp hàng hóa tính từ mặt đường xe chạy không vượt quá 1,5 mét'],'answer_start':[ 275 ]}"
"Đèn tín hiệu chính điều khiển giao thông được áp dụng ba loại màu tín hiệu: Xanh, vàng và đỏ. - Tín hiệu xanh: Cho phép đi. - Tín hiệu vàng báo hiệu thay đổi tín hiệu của đèn xanh sang đỏ. Tín hiệu vàng bật sáng, phải dừng lại trước vạch dừng, trường hợp đã đi quá vạch dừng hoặc đã quá gần vạch dừng nếu dừng lại thấy nguy hiểm thì được đi tiếp. Trong trường hợp tín hiệu vàng nhấp nháy là được đi nhưng phải giảm tốc độ, chú ý quan sát, nhường đường cho người đi bộ qua đường hoặc các phương tiện khác theo quy định của Luật Giao thông đường bộ.","báo hiệu thay đổi tín hiệu của đèn xanh sang đỏ. Tín hiệu vàng bật sáng, phải dừng lại trước vạch dừng, trường hợp đã đi quá vạch dừng hoặc đã quá gần vạch dừng nếu dừng lại thấy nguy hiểm thì được đi tiếp","{'text':['báo hiệu thay đổi tín hiệu của đèn xanh sang đỏ. Tín hiệu vàng bật sáng, phải dừng lại trước vạch dừng, trường hợp đã đi quá vạch dừng hoặc đã quá gần vạch dừng nếu dừng lại thấy nguy hiểm thì được đi tiếp'],'answer_start':[ 140 ]}"
Các loại dải phân cách trong giao thông đường bộ được quy định Quy chuẩn kỹ thuật quốc gia QCVN 41:2019/BGTVT quy định dải phân cách là bộ phận của đường mà xe không chạy trên đó được và để phân chia phần đường xe chạy thành hai chiều xe chạy riêng biệt hoặc để phân chia phần đường dành cho xe cơ giới và xe thô sơ hoặc của nhiều loại xe khác nhau trên cùng một chiều giao thông. Dải phân cách có 02 loại là dải phân cách cố định và dải phân cách di động. - Dải phân cách cố định là dải phân cách có vị trí cố định trên phần đường xe chạy. Dải phân cách cố định gồm các loại cơ bản sau:,dải phân cách cố định và dải phân cách di động,"{'text':['dải phân cách cố định và dải phân cách di động'],'answer_start':[ 409 ]}"
"Tốc độ tối đa cho phép tham gia giao thông trên đường bộ trong khu vực đông dân cư (trừ đường cao tốc) đối với xe ô tô, máy kéo, xe mô tô: - Trên đường đôi (có dải phân cách giữa), đường một chiều có từ 2 làn xe cơ giới trở lên không quá 60 km/h; - Trên đường hai chiều không có dải phân cách giữa, đường một chiều có 1 làn xe cơ giới không quá 50km/h.",không quá 60 km/h,"{'text':['không quá 60 km/h'],'answer_start':[ 228 ]}"
"Điều 13. Sử dụng làn đường 1. Trên đường có nhiều làn đường cho xe đi cùng chiều được phân biệt bằng vạch kẻ phân làn đường, người điều khiển phương tiện phải cho xe đi trong một làn đường và chỉ được chuyển làn đường ở những nơi cho phép; khi chuyển làn đường phải có tín hiệu báo trước và phải bảo đảm an toàn. 2. Trên đường một chiều có vạch kẻ phân làn đường, xe thô sơ phải đi trên làn đường bên phải trong cùng, xe cơ giới, xe máy chuyên dùng đi trên làn đường bên trái. 3. Phương tiện tham gia giao thông đường bộ di chuyển với tốc độ thấp hơn phải đi về bên phải.",phải cho xe đi trong một làn đường và chỉ được chuyển làn đường ở những nơi cho phép; khi chuyển làn đường phải có tín hiệu báo trước và phải bảo đảm an toàn,"{'text':['phải cho xe đi trong một làn đường và chỉ được chuyển làn đường ở những nơi cho phép; khi chuyển làn đường phải có tín hiệu báo trước và phải bảo đảm an toàn'],'answer_start':[ 154 ]}"
"Nhất sớm Phương tiện giao thông đã đi vào giao lộ trước, tức là bánh trước đã vượt qua khỏi vạch kẻ cho người đi bộ thì sẽ được ưu tiên đi trước. Sau đó mới đến các quy tắc sau. Nhì tiên Theo quy tắc ưu tiên cho các xe theo quy định: xe chữa cháy => xe quân sự => xe cứu thương => xe hộ đê, khắc phục thiên tai, dịch bệnh => xe tang. Với những xe ưu tiên này thì mọi phương tiện giao thông khác phải nhường đường. Tam đèn Sau khi chấp hành 2 quy tắc trên thì người tham gia giao thông bắt đầu tuân thủ theo quy định của đèn: đèn xanh được đi, đèn vàng đi chậm và đèn đỏ dừng lại.","xe chữa cháy => xe quân sự => xe cứu thương => xe hộ đê, khắc phục thiên tai, dịch bệnh => xe tang","{'text':['xe chữa cháy => xe quân sự => xe cứu thương => xe hộ đê, khắc phục thiên tai, dịch bệnh => xe tang'],'answer_start':[ 234 ]}"
"Khi đến gần đường giao nhau, người điều khiển phương tiện phải cho xe giảm tốc độ và nhường đường theo quy định sau đây: 1. Tại nơi đường giao nhau không có báo hiệu đi theo vòng xuyến, phải nhường đường cho xe đi đến từ bên phải; 2. Tại nơi đường giao nhau có báo hiệu đi theo vòng xuyến, phải nhường đường cho xe đi bên trái;",phải nhường đường cho xe đi bên trái,"{'text':['phải nhường đường cho xe đi bên trái'],'answer_start':[ 290 ]}"
"(1) Xe chữa cháy đi làm nhiệm vụ; (2) Xe quân sự, xe công an đi làm nhiệm vụ khẩn cấp, đoàn xe có xe cảnh sát dẫn đường; (3) Xe cứu thương đang thực hiện nhiệm vụ cấp cứu; (4) Xe hộ đê, xe đi làm nhiệm vụ khắc phục sự cố thiên tai, dịch bệnh hoặc xe đi làm nhiệm vụ trong tình trạng khẩn cấp theo quy định của pháp luật; (5) Đoàn xe tang. Trong đó:Các loại xe ưu tiên nêu trên (trừ xe tang) khi đi làm nhiệm vụ phải đảm bảo có tín hiệu còi, cờ, đèn theo quy định; không bị hạn chế tốc độ; được phép đi vào đường ngược chiều, các đường khác có thể đi được, kể cả khi có tín hiệu đèn đỏ và chỉ phải tuân theo chỉ dẫn của người điều khiển giao thông. - Khi có tín hiệu của xe được quyền ưu tiên, người tham gia giao thông phải nhanh chóng giảm tốc độ, tránh hoặc dừng lại sát lề đường bên phải để nhường đường. Không được gây cản trở xe được quyền ưu tiên.","(1) Xe chữa cháy đi làm nhiệm vụ; (2) Xe quân sự, xe công an đi làm nhiệm vụ khẩn cấp, đoàn xe có xe cảnh sát dẫn đường; (3) Xe cứu thương đang thực hiện nhiệm vụ cấp cứu; (4) Xe hộ đê, xe đi làm nhiệm vụ khắc phục sự cố thiên tai, dịch bệnh hoặc xe đi làm nhiệm vụ trong tình trạng khẩn cấp theo quy định của pháp luật; (5) Đoàn xe tang","{'text':['(1) Xe chữa cháy đi làm nhiệm vụ; (2) Xe quân sự, xe công an đi làm nhiệm vụ khẩn cấp, đoàn xe có xe cảnh sát dẫn đường; (3) Xe cứu thương đang thực hiện nhiệm vụ cấp cứu; (4) Xe hộ đê, xe đi làm nhiệm vụ khắc phục sự cố thiên tai, dịch bệnh hoặc xe đi làm nhiệm vụ trong tình trạng khẩn cấp theo quy định của pháp luật; (5) Đoàn xe tang'],'answer_start':[ 0 ]}"
"Căn cứ Điểm Khoản 2 Điều 11 Nghị định 100/2019/NĐ-CP quy định phạt tiền từ 100.000 đồng đến 200.000 đồng đối với cá nhân thực hiệ hành vi vi phạm đá bóng, đá cầu, chơi cầu lông hoặc các hoạt động thể thao khác trái phép trên đường bộ; sử dụng bàn trượt, pa-tanh, các thiết bị tương tự trên phần đường xe chạy.",phạt tiền từ 100.000 đồng đến 200.000 đồng đối với cá nhân,"{'text':['phạt tiền từ 100.000 đồng đến 200.000 đồng đối với cá nhân'],'answer_start':[ 62 ]}"
"Như vậy, việc giao xe hoặc để cho người không đủ điều kiện lái xe ô tô tham gia giao thông như quy định trên thì chủ xe ô tô sẽ bị phạt tiền từ 4.000.000 đồng đến 6.000.000 đồng (đối với cá nhân) và từ 8.000.000 đồng đến 12.000.000 đồng (đối với tổ chức). Ngoài bị phạt tiền thì cá nhân, tổ chức vi phạm sẽ không bị áp dụng các hình thức xử phạt bổ sung hoặc biện pháp khắc phục hậu quả nào khác.",bị phạt tiền từ 4.000.000 đồng đến 6.000.000 đồng (đối với cá nhân) và từ 8.000.000 đồng đến 12.000.000 đồng (đối với tổ chức),"{'text':['bị phạt tiền từ 4.000.000 đồng đến 6.000.000 đồng (đối với cá nhân) và từ 8.000.000 đồng đến 12.000.000 đồng (đối với tổ chức)'],'answer_start':[ 128 ]}"
"Lỗi điều khiển xe đạp xe máy buông cả hai tay: Như vậy, hành vi buông cả hai tay khi điều khiển xe đạp, xe đạp máy sẽ bị xử lý bằng hình thức phạt tiền từ 100.000 đồng đến 200.000 đồng.",bị xử lý bằng hình thức phạt tiền từ 100.000 đồng đến 200.000 đồng,"{'text':['bị xử lý bằng hình thức phạt tiền từ 100.000 đồng đến 200.000 đồng'],'answer_start':[ 118 ]}"
"Khoản 1 Điều 60 Luật Giao thông đường bộ năm 2008 quy định về độ tuổi của người lái xe như sau: “a) Người đủ 16 tuổi trở lên được lái xe gắn máy có dung tích xi-lanh dưới 50 cm3; b) Người đủ 18 tuổi trở lên được lái xe mô tô hai bánh, xe mô tô ba bánh có dung tích xi-lanh từ 50 cm3 trở lên và các loại xe có kết cấu tương tự; xe ô tô tải, máy kéo có trọng tải dưới 3.500 kg; xe ô tô chở người đến 9 chỗ ngồi;...”","được lái xe mô tô hai bánh, xe mô tô ba bánh có dung tích xi-lanh từ 50 cm3 trở lên và các loại xe có kết cấu tương tự","{'text':['được lái xe mô tô hai bánh, xe mô tô ba bánh có dung tích xi-lanh từ 50 cm3 trở lên và các loại xe có kết cấu tương tự'],'answer_start':[ 207 ]}"
"Khi lái xe đường trơn, lốp dễ bị trượt, khiến xe mất kiểm soát. Một số kinh nghiệm lái xe đường trơn sau đây sẽ giúp tránh tình trạng này. Không hãm phanh hoặc rẽ đột ngột khi lái xe đường trơn Lái xe chú ý tuyệt đối không hãm phanh hay rẽ đột ngột nếu xe mất độ bám đường do trơn ướt. Điều này có thể khiến xe văng theo quán tính, cực kỳ nguy hiểm cho chính tài xế và những người khác cùng lưu thông.",Không hãm phanh hoặc rẽ đột ngột khi lái xe đường trơn,"{'text':['Không hãm phanh hoặc rẽ đột ngột khi lái xe đường trơn'],'answer_start':[ 139 ]}"
"Dung tích xi lanh, hay còn gọi là thể tích công tác, thể tích làm việc của xi lanh, hoặc thể tích động cơ (tiếng Anh: engine displacement, displacement volume) là thể tích mà các piston di chuyển bên trong xi lanh của động cơ piston, không tính thể tích buồng đốt. Nói cách khác, dung tích xi lanh là thể tích giới hạn bởi thành xi lanh và các vị trí điểm chết trên (ĐCT), điểm chết dưới (ĐCD) của piston","là thể tích mà các piston di chuyển bên trong xi lanh của động cơ piston, không tính thể tích buồng đốt","{'text':['là thể tích mà các piston di chuyển bên trong xi lanh của động cơ piston, không tính thể tích buồng đốt'],'answer_start':[ 160 ]}"
"Tại điểm c khoản 1 Điều 5 Nghị định 100/2019/NĐ-CP ngày 30/12/2019 của Chính phủ quy định về xử phạt vi phạm hành chính trong lĩnh vực giao thông đường bộ và đường sắt quy định như sau: Phạt tiền từ 200.000 đồng đến 400.000 đồng đối với người điều khiển xe thực hiện hành vi chuyển hướng không nhường đường cho: Các xe đi ngược chiều; người đi bộ, xe lăn của người khuyết tật đang qua đường tại nơi không có vạch kẻ đường cho người đi bộ",Phạt tiền từ 200.000 đồng đến 400.000 đồng,"{'text':['Phạt tiền từ 200.000 đồng đến 400.000 đồng'],'answer_start':[ 186 ]}"
"Tại điểm b khoản 2 Điều 5 Nghị định 100/2019/NĐ-CP ngày 30/12/2019 của Chính phủ quy định về xử phạt vi phạm hành chính trong lĩnh vực giao thông đường bộ và đường sắt quy định như sau: Phạt tiền từ 400.000 đồng đến 600.000 đồng đối với người điều khiển xe thực hiện hành vi điều khiển xe chạy tốc độ thấp hơn các xe khác đi cùng chiều mà không đi về bên phải phần đường xe chạy, trừ trường hợp các xe khác đi cùng chiều chạy quá tốc độ quy định. Ngoài việc bị phạt tiền, người điều khiển xe thực hiện hành vi vi phạm còn bị áp dụng các hình thức xử phạt bổ sung sau: Thực hiện hành vi vi phạm trên mà gây tai nạn giao thông thì bị tước quyền sử dụng giấy phép lái xe từ 02 tháng đến 04 tháng",Phạt tiền từ 400.000 đồng đến 600.000 đồng,"{'text':['Phạt tiền từ 400.000 đồng đến 600.000 đồng'],'answer_start':[ 186 ]}"
"Tại điểm g khoản 2 Điều 5 Nghị định 100/2019/NĐ-CP ngày 30/12/2019 của Chính phủ quy định về xử phạt vi phạm hành chính trong lĩnh vực giao thông đường bộ và đường sắt quy định như sau: Phạt tiền từ 400.000 đồng đến 600.000 đồng đối với người điều khiển xe thực hiện hành vi dừng xe, đỗ xe trên phần đường xe chạy ở đoạn đường ngoài đô thị nơi có lề đường rộng; dừng xe, đỗ xe không sát mép đường phía bên phải theo chiều đi ở nơi đường có lề đường hẹp hoặc không có lề đường; dừng xe, đỗ xe ngược với chiều lưu thông của làn đường; dừng xe, đỗ xe trên dải phân cách cố định ở giữa hai phần đường xe chạy; đỗ xe trên dốc không chèn bánh; mở cửa xe, để cửa xe mở không bảo đảm an toàn. Ngoài việc bị phạt tiền, người điều khiển xe thực hiện hành vi vi phạm còn bị áp dụng các hình thức xử phạt bổ sung sau: Thực hiện hành vi vi phạm trên mà gây tai nạn giao thông thì bị tước quyền sử dụng giấy phép lái xe từ 02 tháng đến 04 tháng.",Phạt tiền từ 400.000 đồng đến 600.000 đồng,"{'text':['Phạt tiền từ 400.000 đồng đến 600.000 đồng'],'answer_start':[ 186 ]}"
"Tại điểm p, q khoản 3 Điều 5 Nghị định 100/2019/NĐ-CP ngày 30/12/2019 của Chính phủ quy định về xử phạt vi phạm hành chính trong lĩnh vực giao thông đường bộ và đường sắt quy định như sau: Phạt tiền từ 800.000 đồng đến 1.000.000 đồng đối với người điều khiển xe thực hiện một trong các hành vi vi phạm sau: không thắt dây an toàn khi điều khiển xe chạy trên đường; chở người trên xe ô tô không thắt dây an toàn khi xe đang chạy.",Phạt tiền từ 800.000 đồng đến 1.000.000 đồng,"{'text':['Phạt tiền từ 800.000 đồng đến 1.000.000 đồng'],'answer_start':[ 189 ]}"
"Tại điểm a khoản 4 Điều 5 Nghị định 100/2019/NĐ-CP ngày 30/12/2019 của Chính phủ quy định về xử phạt vi phạm hành chính trong lĩnh vực giao thông đường bộ và đường sắt quy định như sau: Phạt tiền từ 1.000.000 đồng đến 2.000.000 đồng đối với người điều khiển xe thực hiện hành vi dùng tay sử dụng điện thoại di động khi đang điều khiển xe chạy trên đường, bị tước quyền sử dụng Giấy phép lái xe từ 1 tháng đến 3 tháng. gây tai nạn giao thông thì bị tước quyền sử dụng giấy phép lái xe từ 02 tháng đến 04 tháng.",Phạt tiền từ 1.000.000 đồng đến 2.000.000 đồng,"{'text':['Phạt tiền từ 1.000.000 đồng đến 2.000.000 đồng'],'answer_start':[ 186 ]}"
"Tại điểm a, b khoản 5 Điều 5 Nghị định 100/2019/NĐ-CP ngày 30/12/2019 của Chính phủ quy định về xử phạt vi phạm hành chính trong lĩnh vực giao thông đường bộ và đường sắt quy định như sau: Phạt tiền từ 3.000.000 đồng đến 5.000.000 đồng đối với người điều khiển xe thực hiện một trong các hành vi vi phạm sau: không chấp hành hiệu lệnh của đèn tín hiệu giao thông; không chấp hành hiệu lệnh, hướng dẫn của người điều khiển giao thông hoặc người kiểm soát giao thông. Ngoài việc bị phạt tiền, người điều khiển xe thực hiện hành vi vi phạm còn bị áp dụng các hình thức xử phạt bổ sung sau: Thực hiện hành vi vi phạm trên thì bị tước quyền sử dụng Giấy phép lái xe từ 1 tháng đến 3 tháng. Thực hiện hành vi vi phạm trên mà gây tai nạn giao thông thì bị tước quyền sử dụng giấy phép lái xe từ 02 tháng đến 04 tháng.",Phạt tiền từ 3.000.000 đồng đến 5.000.000 đồng,"{'text':['Phạt tiền từ 3.000.000 đồng đến 5.000.000 đồng'],'answer_start':[ 189 ]}"
Tại điểm i khoản 5 Điều 5 Nghị định 100/2019/NĐ-CP ngày 30/12/2019 của Chính phủ quy định về xử phạt vi phạm hành chính trong lĩnh vực giao thông đường bộ và đường sắt quy định như sau: Phạt tiền từ 3.000.000 đồng đến 5.000.000 đồng đối với người điều khiển xe thực hiện hành vi điều khiển xe chạy quá tốc độ quy định từ 10 km/h đến 20 km/h,Phạt tiền từ 3.000.000 đồng đến 5.000.000 đồng,"{'text':['Phạt tiền từ 3.000.000 đồng đến 5.000.000 đồng'],'answer_start':[ 186 ]}"
"Tại điểm c khoản 6 Điều 5 Nghị định 100/2019/NĐ-CP ngày 30/12/2019 của Chính phủ quy định về xử phạt vi phạm hành chính trong lĩnh vực giao thông đường bộ và đường sắt quy định như sau: Phạt tiền từ 6.000.000 đồng đến 8.000.000 đồng đối với người điều khiển xe thực hiện hành vi điều khiển xe trên đường mà trong máu hoặc hơi thở có nồng độ cồn nhưng chưa vượt quá 50 miligam/100 mililít máu hoặc chưa vượt quá 0,25 miligam/1 lít khí thở. Ngoài việc bị phạt tiền, người điều khiển xe thực hiện hành vi vi phạm còn bị áp dụng các hình thức xử phạt bổ sung sau: Thực hiện hành vi vi phạm trên thì bị tước quyền sử dụng Giấy phép lái xe từ 10 tháng đến 12 tháng.",Phạt tiền từ 6.000.000 đồng đến 8.000.000 đồng,"{'text':['Phạt tiền từ 6.000.000 đồng đến 8.000.000 đồng'],'answer_start':[ 186 ]}"
"Tại điểm b khoản 8 Điều 5 Nghị định 100/2019/NĐ-CP ngày 30/12/2019 của Chính phủ quy định về xử phạt vi phạm hành chính trong lĩnh vực giao thông đường bộ và đường sắt quy định như sau: Phạt tiền từ 16.000.000 đồng đến 18.000.000 đồng đối với người điều khiển xe thực hiện hành vi gây tai nạn giao thông không dừng lại, không giữ nguyên hiện trường, bỏ trốn không đến trình báo với cơ quan có thẩm quyền, không tham gia cấp cứu người bị nạn, bị tước quyền sử dụng Giấy phép lái xe từ 5 tháng đến 7 tháng.",Phạt tiền từ 16.000.000 đồng đến 18.000.000 đồng,"{'text':['Phạt tiền từ 16.000.000 đồng đến 18.000.000 đồng'],'answer_start':[ 186 ]}"
"Tại điểm a khoản 10 Điều 5 Nghị định 100/2019/NĐ-CP ngày 30/12/2019 của Chính phủ quy định về xử phạt vi phạm hành chính trong lĩnh vực giao thông đường bộ và đường sắt quy định như sau: Phạt tiền từ 30.000.000 đồng đến 40.000.000 đồng đối với người điều khiển xe thực hiện hành vi điều khiển xe trên đường mà trong máu hoặc hơi thở có nồng độ cồn vượt quá 80 miligam/100 mililít máu hoặc vượt quá 0,4 miligam/1 lít khí thở. Ngoài việc bị phạt tiền, người điều khiển xe thực hiện hành vi vi phạm còn bị áp dụng các hình thức xử phạt bổ sung sau: Thực hiện hành vi vi phạm trên thì bị tước quyền sử dụng Giấy phép lái xe từ 22 tháng đến 24 tháng.",Phạt tiền từ 30.000.000 đồng đến 40.000.000 đồng,"{'text':['Phạt tiền từ 30.000.000 đồng đến 40.000.000 đồng'],'answer_start':[ 187 ]}"
Tại điểm b khoản 10 Điều 5 Nghị định 100/2019/NĐ-CP ngày 30/12/2019 của Chính phủ quy định về xử phạt vi phạm hành chính trong lĩnh vực giao thông đường bộ và đường sắt quy định như sau: Phạt tiền từ 30.000.000 đồng đến 40.000.000 đồng đối với người điều khiển xe thực hiện hành vi không chấp hành yêu cầu kiểm tra về nồng độ cồn của người thi hành công vụ. Bị tước quyền sử dụng Giấy phép lái xe từ 22 tháng đến 24 tháng,Phạt tiền từ 30.000.000 đồng đến 40.000.000 đồng,"{'text':['Phạt tiền từ 30.000.000 đồng đến 40.000.000 đồng'],'answer_start':[ 187 ]}"
Tại điểm b khoản 1 Điều 6 Nghị định 100/2019/NĐ-CP ngày 30/12/2019 của Chính phủ quy định về xử phạt vi phạm hành chính trong lĩnh vực giao thông đường bộ và đường sắt quy định như sau: Phạt tiền từ 100.000 đồng đến 200.000 đồng đối với người điều khiển xe thực hiện hành vi không có báo hiệu xin vượt trước khi vượt.,Phạt tiền từ 100.000 đồng đến 200.000 đồng,"{'text':['Phạt tiền từ 100.000 đồng đến 200.000 đồng'],'answer_start':[ 186 ]}"
"Tại điểm g khoản 1 Điều 6 Nghị định 100/2019/NĐ-CP ngày 30/12/2019 của Chính phủ quy định về xử phạt vi phạm hành chính trong lĩnh vực giao thông đường bộ và đường sắt quy định như sau: Phạt tiền từ 100.000 đồng đến 200.000 đồng đối với người điều khiển xe thực hiện hành vi chở người ngồi trên xe sử dụng ô (dù). Ngoài việc bị phạt tiền, người điều khiển xe thực hiện hành vi vi phạm còn bị áp dụng hình thức xử phạt bổ sung sau: Thực hiện hành vi vi phạm trên mà gây tai nạn giao thông thì bị tước quyền sử dụng giấy phép lái xe từ 02 tháng đến 04 tháng.",Phạt tiền từ 100.000 đồng đến 200.000 đồng,"{'text':['Phạt tiền từ 100.000 đồng đến 200.000 đồng'],'answer_start':[ 186 ]}"
"Tại điểm i, k Khoản 2 Điều 6 Nghị định 100/2019/NĐ-CP ngày 30/12/2019 của Chính phủ quy định về xử phạt vi phạm hành chính trong lĩnh vực giao thông đường bộ và đường sắt quy định như sau: Phạt tiền từ 200.000 đồng đến 300.000 đồng đối với người điều khiển xe thực hiện một trong các hành vi vi phạm sau: không đội “mũ bảo hiểm cho người đi mô tô, xe máy” hoặc đội “mũ bảo hiểm cho người đi mô tô, xe máy” không cài quai đúng quy cách khi điều khiển xe tham gia giao thông trên đường bộ và chở người ngồi trên xe không đội “mũ bảo hiểm cho người đi mô tô, xe máy” hoặc đội “mũ bảo hiểm cho người đi mô tô, xe máy” không cài quai đúng quy cách, trừ trường hợp chở người bệnh đi cấp cứu, trẻ em dưới 06 tuổi, áp giải người có hành vi vi phạm pháp luật.",Phạt tiền từ 200.000 đồng đến 300.000 đồng,"{'text':['Phạt tiền từ 200.000 đồng đến 300.000 đồng'],'answer_start':[ 189 ]}"
"Tại điểm b Khoản 3 Điều 6 Nghị định 100/2019/NĐ-CP ngày 30/12/2019 của Chính phủ quy định về xử phạt vi phạm hành chính trong lĩnh vực giao thông đường bộ và đường sắt quy định như sau: Phạt tiền từ 400.000 đồng đến 600.000 đồng đối với người điều khiển xe thực hiện hành vi chở theo 03 người trên xe trở lên. Ngoài việc bị phạt tiền, người điều khiển xe thực hiện hành vi vi phạm còn bị áp dụng các hình thức xử phạt bổ sung sau: Thực hiện hành vi vi phạm trên thì bị tước quyền sử dụng Giấy phép lái xe từ 1 tháng đến 3 tháng. Thực hiện hành vi vi phạm trên mà gây tai nạn giao thông thì bị tước quyền sử dụng giấy phép lái xe từ 02 tháng đến 04 tháng.",Phạt tiền từ 400.000 đồng đến 600.000 đồng,"{'text':['Phạt tiền từ 400.000 đồng đến 600.000 đồng'],'answer_start':[ 186 ]}"
"Tại điểm c khoản 3 Điều 6 Nghị định 100/2019/NĐ-CP ngày 30/12/2019 của Chính phủ quy định về xử phạt vi phạm hành chính trong lĩnh vực giao thông đường bộ và đường sắt quy định như sau: Phạt tiền từ 400.000 đồng đến 600.000 đồng đối với người điều khiển xe thực hiện hành vi bấm còi, rú ga (nẹt pô) liên tục trong đô thị, khu đông dân cư, trừ các xe ưu tiên đang đi làm nhiệm vụ theo quy định. Ngoài việc bị phạt tiền, người điều khiển xe thực hiện hành vi vi phạm còn bị áp dụng hình thức xử phạt bổ sung sau: Thực hiện hành vi vi phạm trên mà gây tai nạn giao thông thì bị tước quyền sử dụng giấy phép lái xe từ 02 tháng đến 04 tháng.","Phạt tiền từ 400.000 đồng đến 600.000 đồng đối với người điều khiển xe thực hiện hành vi bấm còi, rú ga","{'text':['Phạt tiền từ 400.000 đồng đến 600.000 đồng đối với người điều khiển xe thực hiện hành vi bấm còi, rú ga'],'answer_start':[ 186 ]}"
"Tại điểm k khoản 3 Điều 6 Nghị định 100/2019/NĐ-CP ngày 30/12/2019 của Chính phủ quy định về xử phạt vi phạm hành chính trong lĩnh vực giao thông đường bộ và đường sắt quy định như sau: Phạt tiền từ 400.000 đồng đến 600.000 đồng đối với người đang điều khiển xe hoặc chở người ngồi trên xe bám, kéo, đẩy xe khác, vật khác, dẫn dắt súc vật, mang vác vật cồng kềnh; chở người đứng trên yên, giá đèo hàng hoặc ngồi trên tay lái; xếp hàng hóa trên xe vượt quá giới hạn quy định; điều khiển xe kéo theo xe khác, vật khác.",Phạt tiền từ 400.000 đồng đến 600.000 đồng,"{'text':['Phạt tiền từ 400.000 đồng đến 600.000 đồng'],'answer_start':[ 186 ]}"
Tại điểm a khoản 4 Điều 6 Nghị định 100/2019/NĐ-CP ngày 30/12/2019 của Chính phủ quy định về xử phạt vi phạm hành chính trong lĩnh vực giao thông đường bộ và đường sắt quy định như sau: Phạt tiền từ 600.000 đồng đến 1.000.000 đồng đối với người điều khiển xe thực hiện hành vi điều khiển xe chạy quá tốc độ quy định từ 10 km/h đến 20 km/h,Phạt tiền từ 600.000 đồng đến 1.000.000 đồng,"{'text':['Phạt tiền từ 600.000 đồng đến 1.000.000 đồng'],'answer_start':[ 186 ]}"
"Tại điểm e, g khoản 4 Điều 6 Nghị định 100/2019/NĐ-CP ngày 30/12/2019 của Chính phủ quy định về xử phạt vi phạm hành chính trong lĩnh vực giao thông đường bộ và đường sắt quy định như sau: Phạt tiền từ 600.000 đồng đến 1.000.000 đồng đối với người điều khiển xe thực hiện một trong các hành vi sau: không chấp hành hiệu lệnh của đèn tín hiệu giao thông và không chấp hành hiệu lệnh, hướng dẫn của người điều khiển giao thông hoặc người kiểm soát giao thông.",Phạt tiền từ 600.000 đồng đến 1.000.000 đồng,"{'text':['Phạt tiền từ 600.000 đồng đến 1.000.000 đồng'],'answer_start':[ 189 ]}"
"Tại điểm h khoản 4 Điều 6 Nghị định 100/2019/NĐ-CP ngày 30/12/2019 của Chính phủ quy định về xử phạt vi phạm hành chính trong lĩnh vực giao thông đường bộ và đường sắt quy định như sau: Phạt tiền từ 600.000 đồng đến 1.000.000 đồng đối với người điều khiển xe sử dụng ô (dù), điện thoại di động, thiết bị âm thanh, trừ thiết bị trợ thính.",Phạt tiền từ 600.000 đồng đến 1.000.000 đồng,"{'text':['Phạt tiền từ 600.000 đồng đến 1.000.000 đồng'],'answer_start':[ 186 ]}"
"Tại điểm c khoản 6 Điều 6 Nghị định 100/2019/NĐ-CP ngày 30/12/2019 của Chính phủ quy định về xử phạt vi phạm hành chính trong lĩnh vực giao thông đường bộ và đường sắt quy định như sau: Phạt tiền từ 2.000.000 đồng đến 3.000.000 đồng đối với người điều khiển xe thực hiện hành vi điều khiển xe trên đường mà trong máu hoặc hơi thở có nồng độ cồn nhưng chưa vượt quá 50 miligam/100 mililít máu hoặc chưa vượt quá 0,25 miligam/1 lít khí thở.",Phạt tiền từ 2.000.000 đồng đến 3.000.000 đồng,"{'text':['Phạt tiền từ 2.000.000 đồng đến 3.000.000 đồng'],'answer_start':[ 186 ]}"
"Tại điểm b khoản 8 Điều 6 Nghị định 100/2019/NĐ-CP ngày 30/12/2019 của Chính phủ quy định về xử phạt vi phạm hành chính trong lĩnh vực giao thông đường bộ và đường sắt quy định như sau: Phạt tiền từ 6.000.000 đồng đến 8.000.000 đồng đối với người điều khiển xe thực hiện hành vi điều khiển xe lạng lách hoặc đánh võng trên đường bộ trong, ngoài đô thị.",Phạt tiền từ 6.000.000 đồng đến 8.000.000 đồng,"{'text':['Phạt tiền từ 6.000.000 đồng đến 8.000.000 đồng'],'answer_start':[ 186 ]}"
"Tại điểm a,b khoản 1 Điều 8 Nghị định 100/2019/NĐ-CP ngày 30/12/2019 của Chính phủ quy định về xử phạt vi phạm hành chính trong lĩnh vực giao thông đường bộ và đường sắt quy định như sau: Phạt tiền từ 80.000 đồng đến 100.000 đồng đối với người điều khiển xe thực hiện một trong các hành vi vi phạm sau: không đi bên phải theo chiều đi của mình, đi không đúng phần đường quy định; dừng xe đột ngột; chuyển hướng không báo hiệu trước.",Phạt tiền từ 80.000 đồng đến 100.000 đồng,"{'text':['Phạt tiền từ 80.000 đồng đến 100.000 đồng'],'answer_start':[ 188 ]}"
"Tại điểm m khoản 1 Điều 8 Nghị định 100/2019/NĐ-CP ngày 30/12/2019 của Chính phủ quy định về xử phạt vi phạm hành chính trong lĩnh vực giao thông đường bộ và đường sắt quy định như sau: Phạt tiền từ 80.000 đồng đến 100.000 đồng đối với người điều khiển xe thực hiện hành vi dùng xe đẩy làm quầy hàng lưu động trên đường, gây cản trở giao thông",Phạt tiền từ 80.000 đồng đến 100.000 đồng,"{'text':['Phạt tiền từ 80.000 đồng đến 100.000 đồng'],'answer_start':[ 186 ]}"
"Theo quy định tại Điều 38 Luật Giao thông đường bộ, khi xảy ra tai nạn giao thông, cá nhân, cơ quan, tổ chức phải có trách nhiệm thực hiện các quy định sau: Đối với người điều khiển phương tiện và những người liên quan trực tiếp đến vụ tai nạn có trách nhiệm sau đây: Dừng ngay phương tiện; giữ nguyên hiện trường; cấp cứu người bị nạn và phải có mặt khi cơ quan có thẩm quyền yêu cầu; Ở lại nơi xảy ra tai nạn cho đến khi người của cơ quan công an đến, trừ trường hợp người điều khiển phương tiện cũng bị thương phải đưa đi cấp cứu hoặc phải đưa người bị nạn đi cấp cứu hoặc vì lý do bị đe dọa đến tính mạng, nhưng phải đến trình báo ngay với cơ quan công an nơi gần nhất; Cung cấp thông tin xác thực về vụ tai nạn cho cơ quan có thẩm quyền.",Dừng ngay phương tiện; giữ nguyên hiện trường; cấp cứu người bị nạn và phải có mặt khi cơ quan có thẩm quyền yêu cầu,"{'text':['Dừng ngay phương tiện; giữ nguyên hiện trường; cấp cứu người bị nạn và phải có mặt khi cơ quan có thẩm quyền yêu cầu'],'answer_start':[ 268 ]}"
"Theo Điều 39, Luật Giao thông đường thủy nội địa, khi hai phương tiện giao thông đường thủy đi đối hướng nhau và có nguy cơ va chạm thì người điều khiển phương tiện phải tránh và nhường đường theo các nguyên tắc sau: Phương tiện đi ngược nước phải tránh và nhường đường cho phương tiện đi xuôi nước. Trường hợp nước đứng, phương tiện nào phát tín hiệu xin đường trước thì phương tiện kia phải tránh và nhường đường; Phương tiện thô sơ phải tránh và nhường đường cho phương tiện có động cơ, phương tiện có động cơ công suất nhỏ hơn phải tránh và nhường đường cho phương tiện có động cơ công suất lớn hơn, phương tiện đi một mình phải tránh và nhường đường cho đoàn lai; Mọi phương tiện phải tránh bè và tránh phương tiện có tín hiệu mất chủ động, phương tiện bị nạn, phương tiện đang thực hiện nghiệp vụ trên luồng.",Phương tiện đi ngược nước phải tránh và nhường đường cho phương tiện đi xuôi nước,"{'text':['Phương tiện đi ngược nước phải tránh và nhường đường cho phương tiện đi xuôi nước'],'answer_start':[ 217 ]}"
"Khi có đủ điều kiện để vượt, các phương tiện giao thông đường thủy thực hiện vượt theo các nguyên tắc sau đây: Phương tiện xin vượt phải phát âm hiệu một tiếng dài, lặp lại nhiều lần; Phương tiện bị vượt, khi nghe thấy âm hiệu xin vượt, nếu thấy an toàn phải giảm tốc độ và phát âm hiệu điều động sang trái hoặc sang phải theo quy định và đi về phía luồng đã báo cho đến khi phương tiện xin vượt đã vượt qua; nếu không thể cho vượt thì phát âm hiệu 5 tiếng ngắn; Phương tiện xin vượt, khi nghe thấy âm hiệu điều động của phương tiện bị vượt thì mới được vượt; khi vượt phải phát âm hiệu báo phía vượt của mình và phải giữ khoảng cách ngang an toàn với phương tiện bị vượt.","Phương tiện xin vượt phải phát âm hiệu một tiếng dài, lặp lại nhiều lần","{'text':['Phương tiện xin vượt phải phát âm hiệu một tiếng dài, lặp lại nhiều lần'],'answer_start':[ 111 ]}"
"Trong quá trình lưu thông trên đường, nếu gặp các loại xe chở hàng cồng kềnh nêu trên, cần tuân thủ quy tắc xin vượt được quy định tại khoản 1, khoản 2 Điều 14 Luật giao thông đường bộ như sau: Thứ nhất: Xe xin vượt phải có báo hiệu bằng đèn hoặc còi; trong đô thị và khu đông dân cư từ 22 giờ đến 5 giờ chỉ được báo hiệu xin vượt bằng đèn. Thứ hai: Xe xin vượt chỉ được vượt khi không có chướng ngại vật phía trước, không có xe chạy ngược chiều trong đoạn đường định vượt, xe chạy trước không có tín hiệu vượt xe khác và đã tránh về bên phải.",Xe xin vượt phải có báo hiệu bằng đèn hoặc còi; trong đô thị và khu đông dân cư từ 22 giờ đến 5 giờ chỉ được báo hiệu xin vượt bằng đèn,"{'text':['Xe xin vượt phải có báo hiệu bằng đèn hoặc còi; trong đô thị và khu đông dân cư từ 22 giờ đến 5 giờ chỉ được báo hiệu xin vượt bằng đèn'],'answer_start':[ 204 ]}"
"Tại khoản 1 điều 12 Luật giao thông đường bộ quy định: Người lái xe, người điều khiển xe máy chuyên dùng phải tuân thủ quy định về tốc độ xe chạy trên đường và phải giữ một khoảng cách an toàn đối với xe chạy liền trước xe của mình; ở nơi có biển báo ""Cự ly tối thiểu giữa hai xe"" phải giữ khoảng cách không nhỏ hơn số ghi trên biển báo. Thông tư số 13/2009-TT-BGTVT ngày 17/7/2009 của Bộ giao thông vận tải quy định về tốc độ và khoảng cách của xe cơ giới, xe máy chuyên dùng tham gia giao thông đường bộ. Theo Thông tư này, người điều khiển phương tiện tham gia giao thông đường bộ phải nghiêm chỉnh chấp hành quy định về tốc độ, khoảng cách an toàn giữa hai xe cơ giới.","phải giữ một khoảng cách an toàn đối với xe chạy liền trước xe của mình; ở nơi có biển báo ""Cự ly tối thiểu giữa hai xe"" phải giữ khoảng cách không nhỏ hơn số ghi trên biển báo","{'text':['phải giữ một khoảng cách an toàn đối với xe chạy liền trước xe của mình; ở nơi có biển báo ""Cự ly tối thiểu giữa hai xe"" phải giữ khoảng cách không nhỏ hơn số ghi trên biển báo'],'answer_start':[ 160 ]}"
"Trường hợp khi điều khiển phương tiện giao thông đến chỗ giao nhau với đường sắt không có đèn tín hiệu, rào chắn và chuông báo hiệu, người tham gia giao thông cần thực hiện đúng quy định tại khoản 4 Điều 25 Luật giao thông đường bộ như sau: “Tại nơi đường bộ giao nhau cùng mức với đường sắt không có đèn tín hiệu, rào chắn và chuông báo hiệu, người tham gia giao thông đường bộ phải quan sát cả hai phía, khi thấy chắc chắn không có phương tiện đường sắt đang đi tới mới được đi qua, nếu thấy có phương tiện đường sắt đang đi tới thì phải dừng lại và giữ khoảng cách tối thiểu 5 mét tính từ ray gần nhất và chỉ khi phương tiện đường sắt đã đi qua mới được đi”.","phải quan sát cả hai phía, khi thấy chắc chắn không có phương tiện đường sắt đang đi tới mới được đi qua","{'text':['phải quan sát cả hai phía, khi thấy chắc chắn không có phương tiện đường sắt đang đi tới mới được đi qua'],'answer_start':[ 379 ]}"
"Tại điểm đ khoản 1 điều 48 Nghị định 171 của Chính phủ về quy định xử phạt vi phạm hành chính trong lĩnh vực giao thông đường bộ và đường sắt đã quy định: Phạt tiền từ 300.000 đồng đến 500.000 đồng đối với cá nhân thực hiện hành vi phơi rơm, rạ, nông sản, để các vật phẩm khác trên đường sắt hoặc các công trình đường sắt khác. Ngoài ra, đối với hành vi này tại điểm d khoản 5 điều 48 còn quy định “buộc phải đưa rơm, rạ, nông sản, các vật phẩm khác ra khỏi đường sắt hoặc các công trình đường sắt khác”.",Phạt tiền từ 300.000 đồng đến 500.000 đồng,"{'text':['Phạt tiền từ 300.000 đồng đến 500.000 đồng'],'answer_start':[ 155 ]}"
"Tại khoản 1 đến khoản 7 điều 46 Nghị định 171 của Chính phủ quy định về xử phạt các hành vi của người tham gia giao thông vượt rào chắn đường ngang, cầu chung khi đèn đỏ đã bật sáng như sau: Phạt tiền từ 50.000 đồng đến 60.000 đồng đối với một trong các hành vi vi phạm sau đây: Người đi bộ vượt rào chắn đường ngang, cầu chung khi đèn đỏ đã bật sáng; không chấp hành hiệu lệnh, chỉ dẫn của biển báo hiệu, vạch kẻ đường hoặc hướng dẫn của nhân viên gác đường ngang, cầu chung, hầm khi đi qua đường ngang, cầu chung, hầm;",Phạt tiền từ 50.000 đồng đến 60.000 đồng,"{'text':['Phạt tiền từ 50.000 đồng đến 60.000 đồng'],'answer_start':[ 191 ]}"
"Tại Điều 11 Luật đường sắt năm 2005 đã quy định cụ thể trách nhiệm của tổ chức, cá nhân khi xảy ra tai nạn giao thông đường sắt. Theo đó, đối với người điều khiển phương tiện giao thông khác, khi đi qua nơi xảy ra tai nạn giao thông đường sắt có trách nhiệm chở người bị nạn đi cấp cứu, trừ trường hợp đang làm nhiệm vụ khẩn cấp; Không được gây trở ngại cho việc khôi phục đường sắt và hoạt động giao thông vận tải đường sắt sau khi xảy ra tai nạn giao thông đường sắt.","có trách nhiệm chở người bị nạn đi cấp cứu, trừ trường hợp đang làm nhiệm vụ khẩn cấp","{'text':['có trách nhiệm chở người bị nạn đi cấp cứu, trừ trường hợp đang làm nhiệm vụ khẩn cấp'],'answer_start':[ 243 ]}"
"hành vi dựng lều, quán trái phép trong phạm vi đất dành cho đường sắt sẽ bị xử phạt theo quy định của pháp luật. Tại điểm b, khoản 2 điều 51 Nghị định 171 của Chính phủ quy định: phạt tiền từ 1 triệu đến 3 triệu đồng đối với cá nhân và từ 2 triệu đến 6 triệu đồng đối với tổ chức có hành vi dựng lều, quán, nhà tạm, công trình tạm thời khác, trái phép trong phạm vi đất dành cho đường sắt. Ngoài việc bị áp dụng hình thức xử phạt, cá nhân, tổ chức thực hiện hành vi vi phạm nêu trên bị buộc phải tự dỡ bỏ và di chuyển lều quán, nhà tạm, công trình tạm thời khác trép phép ra khỏi phạm vi đất dành cho đường sắt.",phạt tiền từ 1 triệu đến 3 triệu đồng đối với cá nhân,"{'text':['phạt tiền từ 1 triệu đến 3 triệu đồng đối với cá nhân'],'answer_start':[ 179 ]}"
"Người điều khiển xe mô tô, xe gắn máy không chấp hành yêu cầu kiểm tra về nồng độ cồn bị phạt tiền từ 3.000.000 đồng đến 4.000.000 đồng; bị tước quyền sử dụng Giấy phép lái xe từ 03 tháng đến 05 tháng (Điểm b Khoản 8 Điều 6 và Điểm d Khoản 12 Điều 6 Nghị định số 46/2016/NĐ-CP ngày 26/5/2016 của Chính phủ quy định xử phạt vi phạm hành chính trong lĩnh vực giao thông đường bộ và đường sắt). Đồng thời bị tạm giữ phương tiện đến 7 ngày trước khi ra quyết định xử phạt (Điểm b Khoản 1 Điều 78 Nghị định số 46/2016/NĐ-CP).",bị phạt tiền từ 3.000.000 đồng đến 4.000.000 đồng; bị tước quyền sử dụng Giấy phép lái xe từ 03 tháng đến 05 tháng,"{'text':['bị phạt tiền từ 3.000.000 đồng đến 4.000.000 đồng; bị tước quyền sử dụng Giấy phép lái xe từ 03 tháng đến 05 tháng'],'answer_start':[ 86 ]}"
"Người điều khiển xe mô tô, xe gắn máy, xe ô tô cố tình đi lấn sang làn đường dành riêng cho xe buýt nhanh sẽ bị xử phạt về hành vi đi không đúng phần đường, làn đường. Mức phạt được quy định cụ thể tại Nghị định số 46/2016/NĐ-CP ngày 26/5/2016 của Chính phủ quy định xử phạt vi phạm hành chính trong lĩnh vực giao thông đường bộ và đường sắt như sau: Người điều khiển xe mô tô, xe gắn máy (kể cả xe máy điện) vi phạm bị phạt tiền từ 300.000 đồng đến 400.000 đồng. Trong trường hợp gây tai nạn giao thông thì bị tước quyền sử dụng Giấy phép lái xe từ 02 tháng đến 04 tháng (Điểm g Khoản 4 Điều 6 và Điểm c Khoản 12 Điều 16).",bị phạt tiền từ 300.000 đồng đến 400.000 đồng,"{'text':['bị phạt tiền từ 300.000 đồng đến 400.000 đồng'],'answer_start':[ 417 ]}"
"Tại Điểm c Khoản 3 và Điểm a Khoản 7 Điều 33 Nghị định số 46/2016/NĐ-CP ngày 26/5/2016 của Chính phủ quy định xử phạt vi phạm hành chính trong lĩnh vực giao thông đường bộ và đường sắt quy định người điều khiển xe vượt quá khổ giới hạn của cầu, đường hoặc chở hàng vượt khổ giới hạn của cầu, đường tham gia giao thông, trừ trường hợp có Giấy phép lưu hành còn giá trị sử dụng bị phạt tiền từ 3.000.000 đồng đến 5.000.000 đồng; bị tước quyền sử dụng Giấy phép lái xe từ 01 tháng đến 03 tháng. Như vậy, bạn có thể căn cứ vào các quy định nêu trên để chấp hành đảm bảo lưu thông an toàn cho người và phương tiện.",bị phạt tiền từ 3.000.000 đồng đến 5.000.000 đồng; bị tước quyền sử dụng Giấy phép lái xe từ 01 tháng đến 03 tháng,"{'text':['bị phạt tiền từ 3.000.000 đồng đến 5.000.000 đồng; bị tước quyền sử dụng Giấy phép lái xe từ 01 tháng đến 03 tháng'],'answer_start':[ 376 ]}"
"Hành vi không chấp hành hiệu lệnh của đèn tín hiệu giao thông bị xử phạt như sau: Người điều khiển xe mô tô, xe gắn máy vi phạm bị phạt tiền từ 300.000 đồng đến 400.000 đồng; bị tước quyền sử dụng Giấy phép lái xe từ 01 tháng đến 03 tháng (Điểm c Khoản 4 Điều 6 và Điểm b Khoản 12 Điều 6 Nghị định số 46/2016/NĐ-CP ngày 26/5/2016 của Chính phủ quy định xử phạt vi phạm hành chính trong lĩnh vực giao thông đường bộ và đường sắt).",bị phạt tiền từ 300.000 đồng đến 400.000 đồng; bị tước quyền sử dụng Giấy phép lái xe từ 01 tháng đến 03 tháng,"{'text':['bị phạt tiền từ 300.000 đồng đến 400.000 đồng; bị tước quyền sử dụng Giấy phép lái xe từ 01 tháng đến 03 tháng'],'answer_start':[ 128 ]}"
"Khoản 6 Điều 3 Luật Giao thông đường bộ định nghĩa: “Phần đường xe chạy là phần của đường bộ được sử dụng cho phương tiện giao thông qua lại”; Khoản 7 Điều 3 Luật Giao thông đường bộ định nghĩa: “Làn đường là một phần của phần đường xe chạy được chia theo chiều dọc của đường, có bề rộng đủ cho xe chạy an toàn”. Khoản 1 Điều 9 Luật Giao thông đường bộ quy định: “Người tham gia giao thông phải đi bên phải theo chiều đi của mình, đi đúng làn đường, phần đường quy định và phải chấp hành hệ thống báo hiệu đường bộ”. Khoản 1 Điều 11 Luật Giao thông đường bộ quy định: “Người tham gia giao thông phải chấp hành hiệu lệnh và chỉ dẫn của hệ thống báo hiệu đường bộ”.","đi bên phải theo chiều đi của mình, đi đúng làn đường, phần đường quy định và phải chấp hành hệ thống báo hiệu đường bộ","{'text':['đi bên phải theo chiều đi của mình, đi đúng làn đường, phần đường quy định và phải chấp hành hệ thống báo hiệu đường bộ'],'answer_start':[ 395 ]}"
"Đối với đường có nhiều làn đường được phân biệt bằng vạch kẻ phân làn đường, người điều khiển phương tiện phải cho xe đi trong một làn đường và chỉ được chuyển làn đường ở những nơi cho phép. Đối với đường một chiều có vạch kẻ phân làn đường, xe ô tô, mô tô phải di chuyển ở làn đường bên trái, xe thô sơ phải di chuyển ở làn đường bên phải trong cùng.","phải di chuyển ở làn đường bên trái, xe thô sơ phải di chuyển ở làn đường bên phải trong cùng","{'text':['phải di chuyển ở làn đường bên trái, xe thô sơ phải di chuyển ở làn đường bên phải trong cùng'],'answer_start':[ 258 ]}"
"Xe bán tải (xe pickup) có kết cấu thùng chở hàng đi liền với thân xe, có khối lượng chuyên chở cho phép xác định theo Giấy chứng nhận kiểm định an toàn kỹ thuật và bảo vệ môi trường phương tiện giao thông cơ giới đường bộ nhỏ hơn 1.500 kg và có từ 5 chỗ ngồi trở xuống thì được xem là xe con.Như vậy, xe ô tô bán tải mà đáp ứng các tiêu chí như quy định tại Khoản 3.31 thì được đi vào làn xe dành cho ô tô con.",được đi vào làn xe dành cho ô tô con.,"{'text':['được đi vào làn xe dành cho ô tô con.'],'answer_start':[ 373 ]}"
"Bắt đầu từ năm 2021, người điều khiển xe máy dưới 50 cm 3 hoặc xe máy điện dưới 4 kW phải có giấy phép lái xe (GPLX) hạng A0. Trước thông tin này, nhiều học sinh dù bất ngờ, nhưng cho rằng là điều cần thiết.",phải có giấy phép lái xe (GPLX) hạng A0,"{'text':['phải có giấy phép lái xe (GPLX) hạng A0'],'answer_start':[ 85 ]}"
"Độ tuổi của người lái xe quy định như sau: Người đủ 16 tuổi trở lên được lái xe gắn máy có dung tích xi-lanh dưới 50 cm3; Người đủ 18 tuổi trở lên được lái xe mô tô hai bánh, xe mô tô ba bánh có dung tích xi-lanh từ 50 cm3 trở lên và các loại xe có kết cấu tương tự; xe ô tô tải, máy kéo có trọng tải dưới 3.500 kg; xe ô tô chở người đến 9 chỗ ngồi;","được lái xe mô tô hai bánh, xe mô tô ba bánh có dung tích xi-lanh từ 50 cm3 trở lên","{'text':['được lái xe mô tô hai bánh, xe mô tô ba bánh có dung tích xi-lanh từ 50 cm3 trở lên'],'answer_start':[ 147 ]}"
"Theo Nghị định 171/2013/NĐ-CP, khi đèn vàng đã bật sáng mà còn cho xe đi tiếp là thuộc vào hành vi vi phạm: ""Không chấp hành hiệu lệnh của đèn tín hiệu giao thông"". Và đối với lỗi vi phạm này thì căn cứ vào Điểm o Khoản 3 Điều 6, người điều khiển, người ngồi trên xe mô tô, xe gắn máy (kể cả xe máy điện), các loại xe tương tự xe mô tô và các loại xe tương tự xe gắn máy sẽ bị phạt tiền từ 100.000 đến 200.000 đồng.",bị phạt tiền từ 100.000 đến 200.000 đồng,"{'text':['bị phạt tiền từ 100.000 đến 200.000 đồng'],'answer_start':[ 374 ]}"
"Biển báo nguy hiểm chủ yếu có hình tam giác đều, ba đỉnh lượn tròn; một cạnh nằm ngang, đỉnh tương ứng hướng lê trời, trừ biển số W. 208 “Giao nhau với đường ưu tiên” thì đỉnh tương ứng hướng xuống dưới. Nhóm biển báo nguy hiểm thường có nền màu vàng, viền đỏ và có hình vẽ màu đen mô tả thông tin cần báo hiệu","thường có nền màu vàng, viền đỏ và có hình vẽ màu đen mô tả thông tin cần báo hiệu","{'text':['thường có nền màu vàng, viền đỏ và có hình vẽ màu đen mô tả thông tin cần báo hiệu'],'answer_start':[ 228 ]}"
"Tai nạn giao thông là những điều không ai mong muốn, thế nhưng nó lại đang diễn ra hàng ngày. Không một ngày nào là không xảy ra tai nạn. Chính vì thế, mỗi chúng ta cần có ý thức khi tham gia giao thông. Ví dụ trong trường hợp khi tham gia giao thông tại nơi đường đang được sửa chữa, người lái xe cần phải giảm tốc độ, quan sát biển chỉ dẫn hoặc người chỉ và thực hiện theo.","người lái xe cần phải giảm tốc độ, quan sát biển chỉ dẫn hoặc người chỉ và thực hiện theo.","{'text':['người lái xe cần phải giảm tốc độ, quan sát biển chỉ dẫn hoặc người chỉ và thực hiện theo.'],'answer_start':[ 285 ]}"
"Theo Phụ lục G của bộ Quy chuẩn 41:2016/BGTVT, vạch kẻ đường thường gặp là loại vạch dùng để quy định các phần đường khác nhau, thường có màu trắng hoặc màu vàng. Trong đó vạch màu trắng được sử dụng để phân chia các làn xe cùng chiều trên những con đường có nhiều làn, vạch vàng được dùng để phân chia hai chiều xe chạy ngược nhau. Về nét vẽ của vạch kẻ đường: nét đứt cho phép các phương tiện được đè vạch, chuyển làn, lấn làn trong các trường hợp cụ thể và phải có đèn tín hiệu báo rẽ; ngược lại, nét liền không cho phép đè vạch.","là loại vạch dùng để quy định các phần đường khác nhau, thường có màu trắng hoặc màu vàng","{'text':['là loại vạch dùng để quy định các phần đường khác nhau, thường có màu trắng hoặc màu vàng'],'answer_start':[ 72 ]}"
"Theo Luật Giao thông đường bộ quy định: Điều khiển xe máy điện không cần giấy phép lái xe. Tuy nhiên, người điều khiển xe máy điện cần đủ 16 tuổi trở lên và xe máy điện cũng cần được đăng ký lấy biển số tương tự như xe máy chạy xăng thông thường.",không cần giấy phép lái xe,"{'text':['không cần giấy phép lái xe'],'answer_start':[ 63 ]}"
"Căn cứ vào Điều 54 Luật giao thông đường bộ ngày 13/11/2008, thông tư 06/2009/TT-BCA ngày 11/3/2009 và có hiệu lực thi hành kể từ ngày 01/07/2009 quy định về đăng ký và gắn biển số. Theo đó, trả lời cho câu hỏi xe máy điện có cần biển số không là người chủ xe máy điện bắt buộc phải đăng ký và gắn biển số xe theo đúng quy định của pháp luật",xe máy điện bắt buộc phải đăng ký và gắn biển số xe,"{'text':['xe máy điện bắt buộc phải đăng ký và gắn biển số xe'],'answer_start':[ 257 ]}"
